[
  {
    "value": "Italian Bread",
    "synonyms": [
      "white",
      "italian"
    ]
  },
  {
    "value": "Hearty Italian Bread",
    "synonyms": [
      "hearty italian",
      "hearty"
    ]
  },
  {
    "value": "Flatbread",
    "synonyms": [
      "flatbread",
      "flat bread"
    ]
  },
  {
    "value": "Wrap",
    "synonyms": [
      "wrap",
      "tortilla"
    ]
  },
  {
    "value": "Honey Oat Bread",
    "synonyms": [
      "honey oat",
      "honey oats",
      "oat"
    ]
  },
  {
    "value": "Parmesan Oregano Bread",
    "synonyms": [
      "parmesan oregano",
      "parmesan",
      "oregano"
    ]
  }
]