[
  {
    "value": "Chicken Teriyaki",
    "synonyms": [
      "chicken teriyaki",
      "teriyaki chicken",
      "teriyaki"
    ]
  },
  {
    "value": "Ham",
    "synonyms": [
      "ham"
    ]
  },
  {
    "value": "Oven Roasted Chicken Breast",
    "synonyms": [
      "oven roasted chicken breast",
      "chicken breast",
      "roast chicken",
      "roast chicken breast",
      "roasted chicken breast",
      "roasted chicken",
      "chicken"
    ]
  },
  {
    "value": "Roast Beef",
    "synonyms": [
      "roast beef",
      "beef"
    ]
  },
  {
    "value": "Subway Club",
    "synonyms": [
      "subway club",
      "club"
    ]
  },
  {
    "value": "Turkey Breast",
    "synonyms": [
      "turkey breast",
      "turkey"
    ]
  },
  {
    "value": "Turkey Breast \u0026 Ham",
    "synonyms": [
      "turkey breast and ham",
      "turkey breast \u0026 ham",
      "turkey and ham",
      "turkey \u0026 ham",
      "ham and turkey breast",
      "ham \u0026 turkey",
      "ham \u0026 turkey breast"
    ]
  },
  {
    "value": "Veggie Delite",
    "synonyms": [
      "veggie delite",
      "vegetable delite"
    ]
  },
  {
    "value": "BLT",
    "synonyms": [
      "BLT"
    ]
  },
  {
    "value": "Cold Cut Trio",
    "synonyms": [
      "cold cut trio",
      "cold cut"
    ]
  },
  {
    "value": "Italian BMT",
    "synonyms": [
      "italian BMT",
      "BMT"
    ]
  },
  {
    "value": "Meatball Marinara",
    "synonyms": [
      "meatball marinara",
      "meatball"
    ]
  },
  {
    "value": "Egg Mayo",
    "synonyms": [
      "egg mayo",
      "egg"
    ]
  },
  {
    "value": "Subway Melt",
    "synonyms": [
      "subway melt"
    ]
  },
  {
    "value": "Steak \u0026 Cheese",
    "synonyms": [
      "steak \u0026 cheese",
      "steak\u0026cheese",
      "steak"
    ]
  },
  {
    "value": "Tuna",
    "synonyms": [
      "tuna"
    ]
  },
  {
    "value": "Veggie Patty",
    "synonyms": [
      "veggie patty",
      "vegetable patty"
    ]
  }
]