[
  {
    "value": "Chipotle Southwest",
    "synonyms": [
      "chipotle southwest sauce",
      "chipotle sauce",
      "chipotle"
    ]
  },
  {
    "value": "Honey Mustard",
    "synonyms": [
      "honey mustard"
    ]
  },
  {
    "value": "Hot Chili",
    "synonyms": [
      "hot chili",
      "hot chilli",
      "chili",
      "chilli"
    ]
  },
  {
    "value": "Mayonnaise",
    "synonyms": [
      "mayonaise",
      "mayo",
      "mayonnaise"
    ]
  },
  {
    "value": "Yellow Mustard",
    "synonyms": [
      "mustard sauce",
      "mustard",
      "yellow mustard"
    ]
  },
  {
    "value": "Ranch",
    "synonyms": [
      "ranch",
      "ranch sauce"
    ]
  },
  {
    "value": "Sweet Onion",
    "synonyms": [
      "sweet onion",
      "sweet onion sauce"
    ]
  }
]