[
  {
    "value": "Avocado",
    "synonyms": [
      "avocado"
    ]
  },
  {
    "value": "Bacon",
    "synonyms": [
      "bacon"
    ]
  },
  {
    "value": "Cheese",
    "synonyms": [
      "cheese",
      "cheddar"
    ]
  },
  {
    "value": "Lettuce",
    "synonyms": [
      "lettuce"
    ]
  },
  {
    "value": "Capsicums",
    "synonyms": [
      "capsicum",
      "peppers",
      "pepper",
      "capsicums"
    ]
  },
  {
    "value": "Onions",
    "synonyms": [
      "onions",
      "onion"
    ]
  },
  {
    "value": "Pickles",
    "synonyms": [
      "pickles",
      "pickle"
    ]
  },
  {
    "value": "Tomatoes",
    "synonyms": [
      "tomatoes",
      "tomato"
    ]
  },
  {
    "value": "Olives",
    "synonyms": [
      "Olives",
      "olive"
    ]
  }
]