[
  {
    "id": "f87d0b3a-d491-492b-94ca-4a78975a5889",
    "data": [
      {
        "text": "can i cancel",
        "userDefined": false
      }
    ],
    "isTemplate": false,
    "count": 0,
    "updated": 1544184620
  },
  {
    "id": "18bf2f2f-4a6a-421b-bcc7-ea1629562cbe",
    "data": [
      {
        "text": "can i cancel my order",
        "userDefined": false
      }
    ],
    "isTemplate": false,
    "count": 0,
    "updated": 1544184620
  },
  {
    "id": "235bf3e4-d66b-4774-9526-afdf5a40652f",
    "data": [
      {
        "text": "cancel please",
        "userDefined": false
      }
    ],
    "isTemplate": false,
    "count": 0,
    "updated": 1544184620
  },
  {
    "id": "2308d6ef-d30d-45a9-8def-33ecce6b88bb",
    "data": [
      {
        "text": "cancel",
        "userDefined": false
      }
    ],
    "isTemplate": false,
    "count": 5,
    "updated": 0
  },
  {
    "id": "912260af-037e-45b9-a0fc-5ccddad9025a",
    "data": [
      {
        "text": "i want to cancel",
        "userDefined": false
      }
    ],
    "isTemplate": false,
    "count": 1,
    "updated": 0
  },
  {
    "id": "8dca3885-08f4-4d84-bd47-3c5d479648cf",
    "data": [
      {
        "text": "cancel my order",
        "userDefined": false
      }
    ],
    "isTemplate": false,
    "count": 1,
    "updated": 1544184620
  },
  {
    "id": "c7be3602-6570-46e5-870e-7ef52c5b8db6",
    "data": [
      {
        "text": "please cancel my order",
        "userDefined": false
      }
    ],
    "isTemplate": false,
    "count": 0,
    "updated": 1543325995
  },
  {
    "id": "330c54dc-a528-4767-b85e-e962b9889228",
    "data": [
      {
        "text": "i\u0027d like to cancel",
        "userDefined": false
      }
    ],
    "isTemplate": false,
    "count": 0,
    "updated": 1543325995
  },
  {
    "id": "c0694523-36c6-4c30-9689-33be8b8acde2",
    "data": [
      {
        "text": "cancel order",
        "userDefined": false
      }
    ],
    "isTemplate": false,
    "count": 0,
    "updated": 1543322413
  }
]