[
  {
    "id": "27401045-486c-4ed1-a05c-0341f03b98ab",
    "data": [
      {
        "text": "i changed my mind",
        "userDefined": false
      }
    ],
    "isTemplate": false,
    "count": 1,
    "updated": 0
  },
  {
    "id": "f13c76ff-fb70-4558-a2bc-fe47115ffd3a",
    "data": [
      {
        "text": "can i make some changes?",
        "userDefined": false
      }
    ],
    "isTemplate": false,
    "count": 0,
    "updated": 1543840704
  },
  {
    "id": "62a12d92-fd45-4aed-80c5-8c2e07f30a86",
    "data": [
      {
        "text": "i need to make some changes",
        "userDefined": false
      }
    ],
    "isTemplate": false,
    "count": 0,
    "updated": 1543840704
  },
  {
    "id": "5f75b8cc-d1d2-445a-a4c7-92f553154ec5",
    "data": [
      {
        "text": "i need to change my order",
        "userDefined": false
      }
    ],
    "isTemplate": false,
    "count": 0,
    "updated": 1543840704
  },
  {
    "id": "cadfc89f-07a0-4e61-a271-e653a90e2b59",
    "data": [
      {
        "text": "i\u0027d like to make changes to my order",
        "userDefined": false
      }
    ],
    "isTemplate": false,
    "count": 0,
    "updated": 1543840704
  },
  {
    "id": "0d1bf0e5-a05e-4410-b214-a4297fa7e218",
    "data": [
      {
        "text": "i would like to amend my order",
        "userDefined": false
      }
    ],
    "isTemplate": false,
    "count": 0,
    "updated": 1543840704
  },
  {
    "id": "b4c477f5-3c73-43b7-a0d3-935257738521",
    "data": [
      {
        "text": "can i change my order?",
        "userDefined": false
      }
    ],
    "isTemplate": false,
    "count": 0,
    "updated": 1543840704
  },
  {
    "id": "67c9cfb9-49eb-4a98-8226-743b7d33224b",
    "data": [
      {
        "text": "i want to change my selection",
        "userDefined": false
      }
    ],
    "isTemplate": false,
    "count": 0,
    "updated": 1543840704
  },
  {
    "id": "af760055-a20b-4f33-9969-aa1cea504f0d",
    "data": [
      {
        "text": "you got my order wrong",
        "userDefined": false
      }
    ],
    "isTemplate": false,
    "count": 0,
    "updated": 1543414452
  },
  {
    "id": "0a2f9a4e-04cf-434d-9d8c-723037a39230",
    "data": [
      {
        "text": "my order is wrong",
        "userDefined": false
      }
    ],
    "isTemplate": false,
    "count": 0,
    "updated": 1543414452
  },
  {
    "id": "1147c500-a4fb-4a12-b458-c04a272f5cbd",
    "data": [
      {
        "text": "i want to change my order",
        "userDefined": false
      }
    ],
    "isTemplate": false,
    "count": 0,
    "updated": 1543414452
  }
]