[
  {
    "id": "c46705f4-a1f1-4db4-9281-eb6a5d322749",
    "data": [
      {
        "text": "proveed",
        "userDefined": false
      }
    ],
    "isTemplate": false,
    "count": 1,
    "updated": 0
  },
  {
    "id": "c96bd4a0-7ccb-41ca-acd8-359da66a33c8",
    "data": [
      {
        "text": "ok",
        "userDefined": false
      }
    ],
    "isTemplate": false,
    "count": 1,
    "updated": 0
  },
  {
    "id": "4fdf535a-c3e4-4d4e-835b-4db3dc1006e1",
    "data": [
      {
        "text": "alrgiht",
        "userDefined": false
      }
    ],
    "isTemplate": false,
    "count": 1,
    "updated": 0
  },
  {
    "id": "85689821-43f7-492f-9052-6a89c12cee00",
    "data": [
      {
        "text": "yeah",
        "userDefined": false
      }
    ],
    "isTemplate": false,
    "count": 0,
    "updated": 1544189014
  },
  {
    "id": "6a9dd7dc-1b54-48dc-ab7f-32f2af5cd7a3",
    "data": [
      {
        "text": "yeah ok",
        "userDefined": false
      }
    ],
    "isTemplate": false,
    "count": 1,
    "updated": 1544189014
  },
  {
    "id": "231f34b3-6db6-411d-a670-01d168ace62a",
    "data": [
      {
        "text": "yeh",
        "userDefined": false
      }
    ],
    "isTemplate": false,
    "count": 1,
    "updated": 1544014855
  },
  {
    "id": "f9f1c5c4-bbb1-4ceb-9065-da7c4144fbff",
    "data": [
      {
        "text": "yea",
        "userDefined": false
      }
    ],
    "isTemplate": false,
    "count": 0,
    "updated": 1544014855
  },
  {
    "id": "af660513-df35-4029-afec-e6ae3a0be0ba",
    "data": [
      {
        "text": "all right",
        "userDefined": false
      }
    ],
    "isTemplate": false,
    "count": 0,
    "updated": 1544189014
  },
  {
    "id": "9548158a-5cde-4489-88bb-086dcbe0be17",
    "data": [
      {
        "text": "alrite",
        "userDefined": false
      }
    ],
    "isTemplate": false,
    "count": 0,
    "updated": 1544189014
  },
  {
    "id": "9b1f145e-b45d-4e6b-a97f-a45a6edf0c73",
    "data": [
      {
        "text": "alright",
        "userDefined": false
      }
    ],
    "isTemplate": false,
    "count": 0,
    "updated": 1544189014
  },
  {
    "id": "db9f0366-b67e-4c28-a476-5c2efafd33ee",
    "data": [
      {
        "text": "that is correct",
        "userDefined": false
      }
    ],
    "isTemplate": false,
    "count": 0,
    "updated": 1544014855
  },
  {
    "id": "33d7830e-0967-4cf8-8f74-a5bcdfefc6a0",
    "data": [
      {
        "text": "yes that\u0027s correct",
        "userDefined": false
      }
    ],
    "isTemplate": false,
    "count": 0,
    "updated": 1544014855
  },
  {
    "id": "92de0962-eff4-41b5-aca6-1e9d05ea5dd9",
    "data": [
      {
        "text": "sure go ahead",
        "userDefined": false
      }
    ],
    "isTemplate": false,
    "count": 0,
    "updated": 1544014855
  },
  {
    "id": "7ff88470-0834-459f-9246-01bc647e7ce5",
    "data": [
      {
        "text": "ok sure",
        "userDefined": false
      }
    ],
    "isTemplate": false,
    "count": 0,
    "updated": 1544014855
  },
  {
    "id": "6cfbed0c-19e9-4b7c-838b-f75e8bc22d36",
    "data": [
      {
        "text": "yes i confirm",
        "userDefined": false
      }
    ],
    "isTemplate": false,
    "count": 0,
    "updated": 1544014855
  },
  {
    "id": "d4b3678f-72f2-419f-a8ee-77c8f5db82ef",
    "data": [
      {
        "text": "okay",
        "userDefined": false
      }
    ],
    "isTemplate": false,
    "count": 0,
    "updated": 1544014855
  },
  {
    "id": "782c938e-5eb5-4172-95a2-26791482405e",
    "data": [
      {
        "text": "yes ok",
        "userDefined": false
      }
    ],
    "isTemplate": false,
    "count": 0,
    "updated": 1544014855
  },
  {
    "id": "12582d25-b845-4547-93bb-d95d490dcde5",
    "data": [
      {
        "text": "yes that\u0027s right",
        "userDefined": false
      }
    ],
    "isTemplate": false,
    "count": 0,
    "updated": 1544014855
  },
  {
    "id": "5d9978e3-dc94-4c51-84fc-e4abadae0571",
    "data": [
      {
        "text": "please go ahead",
        "userDefined": false
      }
    ],
    "isTemplate": false,
    "count": 0,
    "updated": 1544014855
  },
  {
    "id": "820720d2-ede6-4285-ac50-41f7c7ac360e",
    "data": [
      {
        "text": "i confirm my selection",
        "userDefined": false
      }
    ],
    "isTemplate": false,
    "count": 0,
    "updated": 1544014855
  },
  {
    "id": "d459222e-b6a3-4f15-9662-20e64110db4d",
    "data": [
      {
        "text": "i want to confirm my order",
        "userDefined": false
      }
    ],
    "isTemplate": false,
    "count": 1,
    "updated": 1544014855
  },
  {
    "id": "b441c915-7234-4afc-80fc-6171cce8f349",
    "data": [
      {
        "text": "yes",
        "userDefined": false
      }
    ],
    "isTemplate": false,
    "count": 0,
    "updated": 1544014855
  },
  {
    "id": "3cc781a6-1686-4861-91d0-16e32d0f8c7a",
    "data": [
      {
        "text": "ok proceed",
        "userDefined": false
      }
    ],
    "isTemplate": false,
    "count": 0,
    "updated": 1544014855
  },
  {
    "id": "e082869a-37d3-48c2-a8f8-f6a9c1db8b0e",
    "data": [
      {
        "text": "yes please proceed",
        "userDefined": false
      }
    ],
    "isTemplate": false,
    "count": 0,
    "updated": 1544014855
  },
  {
    "id": "70f808b0-e225-4e48-b665-94261198c61a",
    "data": [
      {
        "text": "i confirm my order",
        "userDefined": false
      }
    ],
    "isTemplate": false,
    "count": 0,
    "updated": 1544014855
  }
]