[
  {
    "id": "0c34ccc0-4c38-40f8-b86b-3db4c277e699",
    "data": [
      {
        "text": "540104",
        "userDefined": false
      }
    ],
    "isTemplate": false,
    "count": 0,
    "updated": 0
  },
  {
    "id": "4db669f9-280d-4e85-a6d6-51bf713659e9",
    "data": [
      {
        "text": "i don’t know what to do with myself",
        "userDefined": false
      }
    ],
    "isTemplate": false,
    "count": 0,
    "updated": 0
  },
  {
    "id": "21c5385c-2d9e-4027-b7b1-43b6815f3454",
    "data": [
      {
        "text": "who am i",
        "userDefined": false
      }
    ],
    "isTemplate": false,
    "count": 0,
    "updated": 0
  },
  {
    "id": "686097dc-1407-4450-8264-2b1722874ad8",
    "data": [
      {
        "text": "rfger",
        "userDefined": false
      }
    ],
    "isTemplate": false,
    "count": 0,
    "updated": 0
  },
  {
    "id": "e5f954e7-fc8f-4cd9-ba5a-ece632f0c38c",
    "data": [
      {
        "text": "dunoo",
        "userDefined": false
      }
    ],
    "isTemplate": false,
    "count": 0,
    "updated": 0
  }
]