[
  {
    "id": "90794d82-a8e2-4b02-8f44-87ee7ebe8499",
    "data": [
      {
        "text": "123456",
        "alias": "postalcode",
        "meta": "@sys.zip-code",
        "userDefined": false
      }
    ],
    "isTemplate": false,
    "count": 3,
    "updated": 0
  },
  {
    "id": "45c8f07a-15f6-4a35-a0bf-ea7583ecf05b",
    "data": [
      {
        "text": "339946",
        "alias": "postalcode",
        "meta": "@sys.zip-code",
        "userDefined": false
      }
    ],
    "isTemplate": false,
    "count": 1,
    "updated": 0
  },
  {
    "id": "7c45a747-a840-4cab-a051-ef1dd1dfddad",
    "data": [
      {
        "text": "125538",
        "alias": "postalcode",
        "meta": "@sys.zip-code",
        "userDefined": true
      }
    ],
    "isTemplate": false,
    "count": 1,
    "updated": 0
  },
  {
    "id": "8ad7749e-d8ce-4e5a-8f11-c699073d01d1",
    "data": [
      {
        "text": "124848",
        "alias": "postalcode",
        "meta": "@sys.zip-code",
        "userDefined": true
      }
    ],
    "isTemplate": false,
    "count": 1,
    "updated": 0
  },
  {
    "id": "c2a849a8-0c9f-4d56-8597-db275e39d8f3",
    "data": [
      {
        "text": "128479",
        "alias": "postalcode",
        "meta": "@sys.zip-code",
        "userDefined": true
      }
    ],
    "isTemplate": false,
    "count": 1,
    "updated": 0
  },
  {
    "id": "b3a9b36b-f39c-4b40-b31a-d1004941b76d",
    "data": [
      {
        "text": "540103",
        "alias": "postalcode",
        "meta": "@sys.zip-code",
        "userDefined": false
      }
    ],
    "isTemplate": false,
    "count": 1,
    "updated": 0
  },
  {
    "id": "bf976483-aace-41d1-ac01-ac3a507fc407",
    "data": [
      {
        "text": "548702",
        "alias": "postalcode",
        "meta": "@sys.zip-code",
        "userDefined": true
      }
    ],
    "isTemplate": false,
    "count": 1,
    "updated": 0
  },
  {
    "id": "be0089af-2a09-43d0-84d3-9894f6f344d4",
    "data": [
      {
        "text": "1466",
        "alias": "number",
        "meta": "@sys.number",
        "userDefined": true
      }
    ],
    "isTemplate": false,
    "count": 1,
    "updated": 0
  },
  {
    "id": "2ddf967f-2c98-4867-9963-dd29d3defbbc",
    "data": [
      {
        "text": "540104",
        "alias": "postalcode",
        "meta": "@sys.zip-code",
        "userDefined": false
      }
    ],
    "isTemplate": false,
    "count": 1,
    "updated": 0
  },
  {
    "id": "a50cd39a-27aa-4681-9540-1b28ed821f0e",
    "data": [
      {
        "text": "i can’t remember where i’m staying",
        "userDefined": false
      }
    ],
    "isTemplate": false,
    "count": 1,
    "updated": 0
  },
  {
    "id": "7866bb91-7ffc-4eea-9090-1153f2b13cd2",
    "data": [
      {
        "text": "12345",
        "alias": "number",
        "meta": "@sys.number",
        "userDefined": true
      }
    ],
    "isTemplate": false,
    "count": 0,
    "updated": 1544185986
  },
  {
    "id": "b0970667-57a1-4a45-b06e-c226cadbade4",
    "data": [
      {
        "text": "1234",
        "meta": "@sys.ignore",
        "userDefined": false
      }
    ],
    "isTemplate": false,
    "count": 0,
    "updated": 1544185986
  },
  {
    "id": "d1126510-2468-40ab-991c-0cc919274baf",
    "data": [
      {
        "text": "213456",
        "alias": "postalcode",
        "meta": "@sys.zip-code",
        "userDefined": false
      }
    ],
    "isTemplate": false,
    "count": 0,
    "updated": 1544015005
  },
  {
    "id": "407e9a61-10d0-4cc1-babf-0547d2aef4ff",
    "data": [
      {
        "text": "12345",
        "meta": "@sys.ignore",
        "userDefined": false
      }
    ],
    "isTemplate": false,
    "count": 0,
    "updated": 1544015005
  },
  {
    "id": "a9d909e0-def9-4545-bc83-655895729753",
    "data": [
      {
        "text": "123345",
        "alias": "postalcode",
        "meta": "@sys.zip-code",
        "userDefined": false
      }
    ],
    "isTemplate": false,
    "count": 0,
    "updated": 1543924512
  },
  {
    "id": "93b1cfe5-b9bf-4c75-bdc1-7c665ac4998b",
    "data": [
      {
        "text": "123445",
        "alias": "postalcode",
        "meta": "@sys.zip-code",
        "userDefined": false
      }
    ],
    "isTemplate": false,
    "count": 1,
    "updated": 1543924512
  },
  {
    "id": "92b38907-dbef-471b-9235-4ab11d64a2b6",
    "data": [
      {
        "text": "873644",
        "alias": "postalcode",
        "meta": "@sys.zip-code",
        "userDefined": false
      }
    ],
    "isTemplate": false,
    "count": 0,
    "updated": 1543918056
  }
]