[
  {
    "id": "f3d4f38e-236c-480f-ad92-87f7d60fe053",
    "data": [
      {
        "text": "menu",
        "userDefined": false
      }
    ],
    "isTemplate": false,
    "count": 1,
    "updated": 1543732993
  },
  {
    "id": "db93ef10-e527-4a11-a6ca-c17d3fa39841",
    "data": [
      {
        "text": "i want to see a menu",
        "userDefined": false
      }
    ],
    "isTemplate": false,
    "count": 0,
    "updated": 1543412329
  },
  {
    "id": "370c48d6-e57b-4930-a192-16ac4e4b13c4",
    "data": [
      {
        "text": "please show me a menu",
        "userDefined": false
      }
    ],
    "isTemplate": false,
    "count": 0,
    "updated": 1543732993
  },
  {
    "id": "0555c932-bf55-4589-9a5e-d6b40c24cfd0",
    "data": [
      {
        "text": "I\u0027d like to see a menu",
        "userDefined": false
      }
    ],
    "isTemplate": false,
    "count": 0,
    "updated": 1543732993
  },
  {
    "id": "08cd2201-7fa7-4e0a-958b-d2644d4de424",
    "data": [
      {
        "text": "meu",
        "userDefined": false
      }
    ],
    "isTemplate": false,
    "count": 0,
    "updated": 0
  },
  {
    "id": "59dd39b6-e9b3-405c-bd03-037934caaee9",
    "data": [
      {
        "text": "what items are available for order?",
        "userDefined": false
      }
    ],
    "isTemplate": false,
    "count": 0,
    "updated": 1543412329
  },
  {
    "id": "f66ea356-faa3-441e-bd14-c4ee10fcd87a",
    "data": [
      {
        "text": "tell me what is on the menu",
        "userDefined": false
      }
    ],
    "isTemplate": false,
    "count": 0,
    "updated": 1543412329
  },
  {
    "id": "099f2342-1a5e-48dd-8017-974cf2ab2f9c",
    "data": [
      {
        "text": "what is available?",
        "userDefined": false
      }
    ],
    "isTemplate": false,
    "count": 0,
    "updated": 1543412329
  },
  {
    "id": "cf609e78-6390-4ab2-84d8-efcb38197472",
    "data": [
      {
        "text": "what do you have on your menu",
        "userDefined": false
      }
    ],
    "isTemplate": false,
    "count": 0,
    "updated": 1543412329
  },
  {
    "id": "2630513a-c282-4a4a-a55d-f36bc23ec6dd",
    "data": [
      {
        "text": "let me see a menu",
        "userDefined": false
      }
    ],
    "isTemplate": false,
    "count": 0,
    "updated": 1543412329
  },
  {
    "id": "d369e28d-ca15-4940-a527-4f2894465f70",
    "data": [
      {
        "text": "can i see a menu",
        "userDefined": false
      }
    ],
    "isTemplate": false,
    "count": 1,
    "updated": 1543412329
  }
]