[
  {
    "id": "b7e587c1-605e-4053-a71b-d7fbd1539abe",
    "data": [
      {
        "text": "83645645",
        "alias": "phone",
        "meta": "@sys.phone-number",
        "userDefined": false
      }
    ],
    "isTemplate": false,
    "count": 0,
    "updated": 1548324962
  },
  {
    "id": "25e7215d-1cc5-45be-9352-710b307f043d",
    "data": [
      {
        "text": "93452764",
        "alias": "phone",
        "meta": "@sys.phone-number",
        "userDefined": false
      }
    ],
    "isTemplate": false,
    "count": 0,
    "updated": 1548324962
  },
  {
    "id": "f1f3878b-e27c-4bd1-b014-c7e765e31b1e",
    "data": [
      {
        "text": "63472464",
        "alias": "phone",
        "meta": "@sys.phone-number",
        "userDefined": false
      }
    ],
    "isTemplate": false,
    "count": 0,
    "updated": 1548324962
  },
  {
    "id": "dfeb51cd-bbf4-4a2b-b034-63793eeb9f14",
    "data": [
      {
        "text": "81235467",
        "alias": "phone",
        "meta": "@sys.phone-number",
        "userDefined": false
      }
    ],
    "isTemplate": false,
    "count": 0,
    "updated": 1548324962
  },
  {
    "id": "654849d6-a5f4-4886-81e7-0bbd68deff93",
    "data": [
      {
        "text": "98765432",
        "alias": "phone",
        "meta": "@sys.phone-number",
        "userDefined": false
      }
    ],
    "isTemplate": false,
    "count": 0,
    "updated": 1548324962
  },
  {
    "id": "df42bf3f-e53a-41f9-8ca2-49c945418b08",
    "data": [
      {
        "text": "91234567",
        "alias": "phone",
        "meta": "@sys.phone-number",
        "userDefined": false
      }
    ],
    "isTemplate": false,
    "count": 0,
    "updated": 1547966927
  },
  {
    "id": "1d5687de-9725-4c57-8cfa-9edfae6db39c",
    "data": [
      {
        "text": "91111111",
        "alias": "phone",
        "meta": "@sys.phone-number",
        "userDefined": false
      }
    ],
    "isTemplate": false,
    "count": 0,
    "updated": 1547821221
  }
]