[
  {
    "id": "7e3a1e96-2182-4095-b287-809e7a99c198",
    "data": [
      {
        "text": "91111111",
        "alias": "phone",
        "meta": "@sys.phone-number",
        "userDefined": false
      }
    ],
    "isTemplate": false,
    "count": 1,
    "updated": 0
  },
  {
    "id": "c4a55fd1-23ec-404d-ae67-26d4299ed859",
    "data": [
      {
        "text": "92365875",
        "alias": "phone",
        "meta": "@sys.phone-number",
        "userDefined": false
      }
    ],
    "isTemplate": false,
    "count": 0,
    "updated": 1546679780
  }
]