[
  {
    "id": "3712ca7f-78c5-4fb2-b35e-e1edfed562ee",
    "data": [
      {
        "text": "what is the nutrition of my past orders",
        "userDefined": false
      }
    ],
    "isTemplate": false,
    "count": 0,
    "updated": 1548325033
  },
  {
    "id": "6bd5ec52-8e63-4ef8-b3eb-7ccd87c2e8cb",
    "data": [
      {
        "text": "are my past orders healthy",
        "userDefined": false
      }
    ],
    "isTemplate": false,
    "count": 0,
    "updated": 1548325033
  },
  {
    "id": "f6cf54e7-65dd-4f29-98b1-c54662ffc4ef",
    "data": [
      {
        "text": "can i have my nutritional information?",
        "userDefined": false
      }
    ],
    "isTemplate": false,
    "count": 0,
    "updated": 1547960208
  },
  {
    "id": "6925c04e-bb86-468d-95e0-8983cd001e59",
    "data": [
      {
        "text": "are my previous orders healthy?",
        "userDefined": false
      }
    ],
    "isTemplate": false,
    "count": 1,
    "updated": 1547960208
  },
  {
    "id": "56f1f776-f8ed-49b2-9e37-4988786fd8e4",
    "data": [
      {
        "text": "can i have a nutritional summary",
        "userDefined": false
      }
    ],
    "isTemplate": false,
    "count": 0,
    "updated": 1547960208
  },
  {
    "id": "2c2af794-efbe-468e-a727-2dd7092c45a0",
    "data": [
      {
        "text": "please tell me the nutrition of my previous orders",
        "userDefined": false
      }
    ],
    "isTemplate": false,
    "count": 0,
    "updated": 1547960208
  },
  {
    "id": "7db497c1-c452-4716-aef9-266c30222a54",
    "data": [
      {
        "text": "what is my nutritional history",
        "userDefined": false
      }
    ],
    "isTemplate": false,
    "count": 0,
    "updated": 1547960208
  }
]