[
  {
    "id": "342f10d0-6a34-4ff5-9f4d-a609a5ae8da5",
    "data": [
      {
        "text": "what sandwich did i order previously",
        "userDefined": false
      }
    ],
    "isTemplate": false,
    "count": 0,
    "updated": 1548324879
  },
  {
    "id": "c5028512-3195-44b0-bc79-7c4defbdddc6",
    "data": [
      {
        "text": "what sandwich did i last order",
        "userDefined": false
      }
    ],
    "isTemplate": false,
    "count": 0,
    "updated": 1548324879
  },
  {
    "id": "c792d5ba-d312-4116-bcd6-7f23cd6f0aa7",
    "data": [
      {
        "text": "what did i order last time",
        "userDefined": false
      }
    ],
    "isTemplate": false,
    "count": 0,
    "updated": 1548324879
  },
  {
    "id": "f7ca30c5-5d73-4f92-907e-9510750ddfa5",
    "data": [
      {
        "text": "i want to order my last order",
        "userDefined": false
      }
    ],
    "isTemplate": false,
    "count": 0,
    "updated": 1547896368
  },
  {
    "id": "24e2c074-b58f-4478-b64e-9cf5158a3c9c",
    "data": [
      {
        "text": "what sandwich did i order last time",
        "userDefined": false
      }
    ],
    "isTemplate": false,
    "count": 0,
    "updated": 1547896368
  },
  {
    "id": "035d4197-9300-4c36-ace4-07be7a065917",
    "data": [
      {
        "text": "can you tell me what i last ordered?",
        "userDefined": false
      }
    ],
    "isTemplate": false,
    "count": 0,
    "updated": 1547821045
  },
  {
    "id": "4dd12aa9-9c94-42c0-9b49-b32668f9942b",
    "data": [
      {
        "text": "can you tell me last order",
        "userDefined": false
      }
    ],
    "isTemplate": false,
    "count": 0,
    "updated": 1547821045
  },
  {
    "id": "e992147d-0aab-426b-b58c-c9e3c87506d0",
    "data": [
      {
        "text": "what is my order history",
        "userDefined": false
      }
    ],
    "isTemplate": false,
    "count": 0,
    "updated": 1547821045
  },
  {
    "id": "9628ed0f-ab68-4d3c-a9bb-9f660ad237f9",
    "data": [
      {
        "text": "what was my last order",
        "userDefined": false
      }
    ],
    "isTemplate": false,
    "count": 0,
    "updated": 1547821045
  },
  {
    "id": "dcac3b7f-d178-47a3-8b8b-dfe55acb7b83",
    "data": [
      {
        "text": "what did i last order?",
        "userDefined": false
      }
    ],
    "isTemplate": false,
    "count": 0,
    "updated": 1547821045
  },
  {
    "id": "c95ff01e-d8c9-47af-91e3-4ee14af34cd8",
    "data": [
      {
        "text": "past orders",
        "userDefined": false
      }
    ],
    "isTemplate": false,
    "count": 0,
    "updated": 1547472256
  }
]